ps-pill-button,ps-pill-button href
Master Developers (9),https://propsearch.ae/dubai-construction-specialists/master-developers
Property Developers (796),https://propsearch.ae/dubai-construction-specialists/property-developers
Masterplanners (16),https://propsearch.ae/dubai-construction-specialists/masterplanners
Landlords (257),https://propsearch.ae/dubai-construction-specialists/landlords
Hotel Operators (24),https://propsearch.ae/dubai-construction-specialists/hotel-operators
Real Estate Investors (7),https://propsearch.ae/dubai-construction-specialists/real-estate-investors
Project Management (39),https://propsearch.ae/dubai-construction-specialists/project-management
Cost Consultants (18),https://propsearch.ae/dubai-construction-specialists/cost-consultants
Architectural Consultants (457),https://propsearch.ae/dubai-construction-specialists/architectural-consultants
Engineering Consultants (227),https://propsearch.ae/dubai-construction-specialists/engineering-consultants
Interior Design Consultants (19),https://propsearch.ae/dubai-construction-specialists/interior-design-consultants
Landscaping Designers (4),https://propsearch.ae/dubai-construction-specialists/landscaping-designers
Building Contractors (343),https://propsearch.ae/dubai-construction-specialists/building-contractors
Piling Contractors (36),https://propsearch.ae/dubai-construction-specialists/piling-contractors
Property Managers (9),https://propsearch.ae/dubai-construction-specialists/property-managers
Stadium Operators (1),https://propsearch.ae/dubai-construction-specialists/stadium-operators
Sustainability Consultants (2),https://propsearch.ae/dubai-construction-specialists/sustainability-consultants
MEP Consultants (65),https://propsearch.ae/dubai-construction-specialists/mep-consultants
Facade Consultants (5),https://propsearch.ae/dubai-construction-specialists/facade-consultants